<annotation>
	<folder>data1</folder>
	<filename>phone_case_0.jpg</filename>
	<path>/home/finnley/Desktop/github/video_test/data1/phone_case_0.jpg</path>
	<source>
		<database>Unknown</database>
	</source>
	<size>
		<width>720</width>
		<height>1280</height>
		<depth>3</depth>
	</size>
	<segmented>0</segmented>
	<object>
		<name>phone_case_0</name>
		<pose>Unspecified</pose>
		<truncated>0</truncated>
		<difficult>0</difficult>
		<bndbox>
			<xmin>13</xmin>
			<ymin>196</ymin>
			<xmax>711</xmax>
			<ymax>598</ymax>
		</bndbox>
	</object>
</annotation>
