<annotation>
	<folder>data1</folder>
	<filename>phone_case_4.jpg</filename>
	<path>/home/finnley/Desktop/github/video_test/data1/phone_case_4.jpg</path>
	<source>
		<database>Unknown</database>
	</source>
	<size>
		<width>1280</width>
		<height>720</height>
		<depth>3</depth>
	</size>
	<segmented>0</segmented>
	<object>
		<name>phone_case_4</name>
		<pose>Unspecified</pose>
		<truncated>0</truncated>
		<difficult>0</difficult>
		<bndbox>
			<xmin>140</xmin>
			<ymin>244</ymin>
			<xmax>861</xmax>
			<ymax>710</ymax>
		</bndbox>
	</object>
</annotation>
